timestamp_utc,action,variant,prompt_preview,energy_kwh,layers,training_hours,flops_hr,tokens,type_token_ratio,avg_sentence_len,stopword_ratio,sections
2025-12-10T23:52:08.856746Z,check,original,Role: data analyst  Context: modell clasii;fication!  Expectations: how to choose between models,0.006301350000000001,2,1.5,9.9e+19,12.0,1.0,4.0,0.08333333333333333,3.0
2025-12-10T23:52:18.436027Z,improve,original,Role: data analyst  Context: modell clasii;fication!  Expectations: how to choose between models,0.00621929423076923,2,1.5,9.9e+19,13.0,0.9230769230769231,4.333333333333333,0.07692307692307693,3.0
2025-12-10T23:52:18.439026Z,improve,improved,Role:   Context: role: data analyst context: modell clasii;fication! expectations: how  Expectations: ,0.005149237500000001,2,1.5,9.9e+19,9.0,1.0,4.5,0.0,1.0
2025-12-10T23:52:39.561358Z,check,original,Role: data analyst  Context: modell clasii;fication!  Expectations: how to choose between models,0.006301350000000001,2,1.5,9.9e+19,12.0,1.0,4.0,0.08333333333333333,3.0
2025-12-10T23:53:01.164994Z,check,original,Role: data analyst  Context: modell clasii;fication!  Expectations: how to choose between models,0.006301350000000001,2,1.5,9.9e+19,12.0,1.0,4.0,0.08333333333333333,3.0
2025-12-10T23:53:18.725810Z,improve,original,Role: data analyst  Context: modell clasii;fication!  Expectations: how to choose between models,0.00621929423076923,2,1.5,9.9e+19,13.0,0.9230769230769231,4.333333333333333,0.07692307692307693,3.0
2025-12-10T23:53:18.727289Z,improve,improved,Role:   Context: role: data analyst context: modell clasii;fication! expectations: how  Expectations: ,0.005149237500000001,2,1.5,9.9e+19,9.0,1.0,4.5,0.0,1.0
2025-12-10T23:59:10.699802Z,check,original,Role: data person  Context: model classification  Expectations: i want to understand the issue behind this,0.016993333333333333,4,2.0,1e+20,15.0,1.0,5.0,0.13333333333333333,3.0
2025-12-10T23:59:16.295015Z,improve,original,Role: data person  Context: model classification  Expectations: i want to understand the issue behind this,0.01682,4,2.0,1e+20,16.0,0.9375,5.333333333333333,0.125,3.0
2025-12-10T23:59:16.299014Z,improve,improved,Role:   Context: role: data person context: model classification expectations: i want understand  Expectations: ,0.014260000000000002,4,2.0,1e+20,11.0,1.0,11.0,0.0,1.0
2025-12-11T00:08:23.840602Z,check,original,Role: data analyst  Context: modell clasi;ifcation!  Expectations: how to choose between models,0.012730000000000002,3,2.0,1e+20,12.0,1.0,4.0,0.08333333333333333,3.0
2025-12-11T00:16:30.868898Z,check,original,Role: data analyst  Context: model classification  Expectations: how to choose the models,0.012046,2,3.0,9.5e+19,12.0,1.0,4.0,0.16666666666666666,3.0
2025-12-11T00:31:02.396544Z,check,original,Role: data analyst  Context: combining models  Expectations: how to choose bettween models,0.008353333333333334,2,2.0,1e+20,12.0,0.9166666666666666,4.0,0.08333333333333333,3.0
2025-12-11T00:31:12.920279Z,check,original,Role: data analyst  Context: combining models  Expectations: how to choose bettween models,0.008353333333333334,2,2.0,1e+20,12.0,0.9166666666666666,4.0,0.08333333333333333,3.0
2025-12-11T00:31:17.158213Z,improve,original,Role: data analyst  Context: combining models  Expectations: how to choose bettween models,0.008353333333333334,2,2.0,1e+20,12.0,0.9166666666666666,4.0,0.08333333333333333,3.0
2025-12-11T00:31:17.160766Z,improve,improved,Role: data analyst  Context: combining  Expectations: how choose bettween,0.008490000000000003,2,2.0,1e+20,9.0,1.0,3.0,0.0,3.0
2025-12-11T00:31:26.963454Z,improve,original,Role: data analyst  Context: combining models  Expectations: how to choose bettween models,0.008353333333333334,2,2.0,1e+20,12.0,0.9166666666666666,4.0,0.08333333333333333,3.0
2025-12-11T00:31:26.965449Z,improve,improved,Role: data analyst  Context: combining  Expectations: how choose bettween,0.008490000000000003,2,2.0,1e+20,9.0,1.0,3.0,0.0,3.0
2025-12-11T00:31:34.940391Z,improve,original,Role: data analyst  Context: combining models  Expectations: how to choose bettween models,0.008353333333333334,2,2.0,1e+20,12.0,0.9166666666666666,4.0,0.08333333333333333,3.0
2025-12-11T00:31:34.944384Z,improve,improved,Role: data analyst  Context: combining  Expectations: how choose bettween,0.008490000000000003,2,2.0,1e+20,9.0,1.0,3.0,0.0,3.0
2025-12-11T00:31:39.837158Z,check,original,Role: data analyst  Context: combining models  Expectations: how to choose bettween models,0.007935666666666667,2,2.0,9.5e+19,12.0,0.9166666666666666,4.0,0.08333333333333333,3.0
2025-12-11T00:31:42.989393Z,improve,original,Role: data analyst  Context: combining models  Expectations: how to choose bettween models,0.007935666666666667,2,2.0,9.5e+19,12.0,0.9166666666666666,4.0,0.08333333333333333,3.0
2025-12-11T00:31:42.990394Z,improve,improved,Role: data analyst  Context: combining  Expectations: how choose bettween,0.008065500000000001,2,2.0,9.5e+19,9.0,1.0,3.0,0.0,3.0
2025-12-11T00:51:41.625432Z,check,original,Role: You are a Teaching Assistant at a university specialized in helping data science students troubleshoot Python environments and machine learning workflows. Your role is to act as a mentor who pro,0.16461549354050278,10,6.5,1.21e+20,179.0,0.7653631284916201,15.083333333333334,0.26256983240223464,3.0
2025-12-11T00:52:03.535847Z,improve,original,Role: You are a Teaching Assistant at a university specialized in helping data science students troubleshoot Python environments and machine learning workflows. Your role is to act as a mentor who pro,0.16461549354050278,10,6.5,1.21e+20,179.0,0.7653631284916201,15.083333333333334,0.26256983240223464,3.0
2025-12-11T00:52:03.537846Z,improve,improved,Role: You are a Teaching Assistant at a university specialized in helping data science students troubleshoot Python environments and machine learning workflows. Your role is to act as a mentor who pro,0.16746585745614037,10,6.5,1.21e+20,95.0,0.9052631578947369,10.777777777777779,0.1368421052631579,3.0
2025-12-11T01:02:57.035385Z,check,original,"Role: You are a lecturer's assistant in a college with expertise in model architecture tuning, computational efficiency, and performance benchmarking. Your role is to guide users through optimizing ne",0.13277429157458562,7,7.0,1.3e+20,181.0,0.6961325966850829,18.1,0.2983425414364641,3.0
2025-12-11T01:03:09.872582Z,improve,original,"Role: You are a lecturer's assistant in a college with expertise in model architecture tuning, computational efficiency, and performance benchmarking. Your role is to guide users through optimizing ne",0.13277429157458562,7,7.0,1.3e+20,181.0,0.6961325966850829,18.1,0.2983425414364641,3.0
2025-12-11T01:03:09.874582Z,improve,improved,"Role: You are a lecturer's assistant in a college with expertise in model architecture tuning, computational efficiency, and performance benchmarking. Your role is to guide users through optimizing ne",0.13528268173543687,7,7.0,1.3e+20,103.0,0.8446601941747572,12.875,0.10679611650485436,3.0
2025-12-11T01:14:06.478823Z,check,original,Role: I am an agricultural advisor specializing in sustainable farming practices.  Context: A farmer wants to improve crop yield while reducing water usage in a semi-arid region.  Expectations: Provid,0.07727779411764706,6,5.0,1.2e+20,51.0,0.9411764705882353,12.75,0.2549019607843137,3.0
2025-12-11T01:14:12.721738Z,improve,original,Role: I am an agricultural advisor specializing in sustainable farming practices.  Context: A farmer wants to improve crop yield while reducing water usage in a semi-arid region.  Expectations: Provid,0.07727779411764706,6,5.0,1.2e+20,51.0,0.9411764705882353,12.75,0.2549019607843137,3.0
2025-12-11T01:14:12.722741Z,improve,improved,Role: I am an agricultural advisor specializing in sustainable farming practices.  Context: farmer wants improve crop yield while reducing water  Expectations: provide practical recommendations irriga,0.07715382352941177,6,5.0,1.2e+20,34.0,0.9705882352941176,8.5,0.08823529411764706,3.0
2025-12-11T02:08:34.095235Z,check,original,Role: i am a pharmacist in a school  Context: i wanted to prescribe certain exercises during a talk for the students in my school  Expectations: the students expect nothing too strenous and easy to do,0.030030691964285712,5,2.5,1e+20,35.0,0.7714285714285715,11.666666666666666,0.37142857142857144,3.0
2025-12-11T02:08:39.192983Z,improve,original,Role: i am a pharmacist in a school  Context: i wanted to prescribe certain exercises during a talk for the students in my school  Expectations: the students expect nothing too strenous and easy to do,0.030030691964285712,5,2.5,1e+20,35.0,0.7714285714285715,11.666666666666666,0.37142857142857144,3.0
2025-12-11T02:08:39.195984Z,improve,improved,Role: i am a pharmacist in a school  Context: i wanted prescribe certain exercises  Expectations: students expect nothing too,0.028385353618421053,5,2.5,1e+20,19.0,0.8947368421052632,6.333333333333333,0.21052631578947367,3.0
2025-12-11T02:17:32.364524Z,check,original,Role: You are a climate data analyst with expertise in interpreting temperature trends and emissions data.  Context: A user wants to visualize global temperature anomalies from 1880 to 2020 using a li,0.11341707443181819,6,6.0,1.18e+20,55.0,0.8181818181818182,13.75,0.2727272727272727,3.0
2025-12-11T02:18:41.263512Z,improve,original,Role: You are a climate data analyst with expertise in interpreting temperature trends and emissions data.  Context: A user wants to visualize global temperature anomalies from 1880 to 2020 using a li,0.11341707443181819,6,6.0,1.18e+20,55.0,0.8181818181818182,13.75,0.2727272727272727,3.0
2025-12-11T02:18:41.264512Z,improve,improved,Role: You are a climate data analyst with expertise in interpreting temperature trends and emissions data.  Context: user wants visualize global temperature  Expectations: guide user through sourcing ,0.10647725785714286,6,6.0,1.18e+20,35.0,0.9142857142857143,11.666666666666666,0.14285714285714285,3.0
2025-12-11T02:24:40.967521Z,check,original,Role: You are an environmental monitoring assistant specializing in air‑quality assessment.  Context: A user wants to understand whether recent spikes in particulate matter (PM2.5) levels in their cit,0.03347005454545455,6,2.0,1e+20,66.0,0.8787878787878788,11.333333333333334,0.25757575757575757,3.0
2025-12-11T02:24:49.828628Z,improve,original,Role: You are an environmental monitoring assistant specializing in air‑quality assessment.  Context: A user wants to understand whether recent spikes in particulate matter (PM2.5) levels in their cit,0.03347005454545455,6,2.0,1e+20,66.0,0.8787878787878788,11.333333333333334,0.25757575757575757,3.0
2025-12-11T02:24:49.830651Z,improve,improved,Role: You are an environmental monitoring assistant specializing in air‑quality assessment.  Context: user wants understand whether recent spikes particulate matter (pm2.5) levels their city  Expectat,0.031454705454545456,6,2.0,1e+20,44.0,0.9772727272727273,9.2,0.06818181818181818,3.0
2025-12-11T02:34:42.839058Z,check,original,"Role: You are a medical information assistant trained to explain health concepts in clear, accessible language.  Context: A user wants to understand the difference between viral and bacterial infectio",0.1055417076755137,6,5.5,1.1e+20,73.0,0.8082191780821918,18.25,0.2465753424657534,3.0
2025-12-11T02:34:51.991040Z,improve,original,"Role: You are a medical information assistant trained to explain health concepts in clear, accessible language.  Context: A user wants to understand the difference between viral and bacterial infectio",0.1055417076755137,6,5.5,1.1e+20,73.0,0.8082191780821918,18.25,0.2465753424657534,3.0
2025-12-11T02:34:51.994040Z,improve,improved,"Role: you medical information assistant trained  Context: user wants understand difference between viral bacterial  Expectations: provide simple, factual comparison how viral bacterial infections work",0.09127254174107145,6,5.5,1.1e+20,35.0,0.9142857142857143,8.75,0.0,3.0
2025-12-11T02:56:16.784316Z,check,original,Role: You are a telecommunications systems specialist with expertise in network reliability and signal performance.  Context: A user wants to understand why their mobile data speeds drop significantly,0.12999415178571427,6,6.0,1.25e+20,70.0,0.8571428571428571,17.5,0.24285714285714285,3.0
2025-12-11T03:05:15.965453Z,check,original,Role: You are a telecommunications systems specialist with expertise in network reliability and signal performance.  Context: A user wants to understand why their mobile data speeds drop significantly,0.12999415178571427,6,6.0,1.25e+20,70.0,0.8571428571428571,17.5,0.24285714285714285,3.0
2025-12-11T03:05:29.485893Z,improve,original,Role: You are a telecommunications systems specialist with expertise in network reliability and signal performance.  Context: A user wants to understand why their mobile data speeds drop significantly,0.12999415178571427,6,6.0,1.25e+20,70.0,0.8571428571428571,17.5,0.24285714285714285,3.0
2025-12-11T03:05:29.487857Z,improve,improved,"Role: you telecommunications systems specialist expertise network reliability  Context: user wants understand why their mobile data  Expectations: give short, clear overview network congestion, how ba",0.11481719214527028,6,6.0,1.25e+20,37.0,0.9459459459459459,9.25,0.0,3.0
2025-12-11T03:12:42.697846Z,check,original,"Role: You are a Personal Support Worker providing client-centered, compassionate care.  Context: You are supporting an elderly client with early-stage dementia who recently started showing increased c",0.08663963657142856,6,4.5,1.08e+20,84.0,0.8333333333333334,12.0,0.23809523809523808,3.0
2025-12-11T03:13:13.933152Z,improve,original,"Role: You are a Personal Support Worker providing client-centered, compassionate care.  Context: You are supporting an elderly client with early-stage dementia who recently started showing increased c",0.08663963657142856,6,4.5,1.08e+20,84.0,0.8333333333333334,12.0,0.23809523809523808,3.0
2025-12-11T03:13:13.936166Z,improve,improved,"Role: you personal support worker  Context: you supporting elderly client early-stage dementia recently started showing increased confusion agitation, especially during evening care routines. family w",0.07681116682653061,6,4.5,1.08e+20,49.0,0.8775510204081632,7.0,0.0,3.0
2025-12-11T03:29:15.110869Z,check,original,"Role: You are a neural learning specialist who explains how data flows through modern machine‑learning systems, with a focus on model behavior, network structure, and energy‑efficient computation.  Co",0.10070723932105262,6,4.5,1.11e+20,114.0,0.7456140350877193,22.8,0.2719298245614035,3.0
2025-12-11T03:29:27.032481Z,improve,original,"Role: You are a neural learning specialist who explains how data flows through modern machine‑learning systems, with a focus on model behavior, network structure, and energy‑efficient computation.  Co",0.10070723932105262,6,4.5,1.11e+20,114.0,0.7456140350877193,22.8,0.2719298245614035,3.0
2025-12-11T03:29:27.034428Z,improve,improved,"Role: you neural learning specialist explains how data flows through  Context: user working large dataset classification task wants understand how training dynamics, token processing, embedding repres",0.08125512126286763,6,4.5,1.11e+20,51.0,0.8823529411764706,12.75,0.0,3.0
2025-12-11T03:47:02.918813Z,check,original,"Role: You are a Personal Support Worker providing client-centered, compassionate care.  Context: You are supporting an elderly client with early-stage dementia who recently started showing increased c",0.07843917714285714,6,4.0,1.1e+20,84.0,0.8333333333333334,12.0,0.23809523809523808,3.0
2025-12-11T03:54:30.731119Z,check,original,"Role: ou are a Personal Support Worker providing client-centered, compassionate care.  Context: You are supporting an elderly client with early-stage dementia who recently started showing increased co",0.07357295885714286,6,4.0,1.03e+20,84.0,0.8452380952380952,12.0,0.23809523809523808,3.0
2025-12-11T03:56:58.557369Z,check,original,"Role: You are a Personal Support Worker providing client-centered, compassionate care.  Context: You are supporting an elderly client with early-stage dementia who recently started showing increased c",0.07344759314285713,6,4.0,1.03e+20,84.0,0.8333333333333334,12.0,0.23809523809523808,3.0
2025-12-11T03:57:09.362341Z,improve,original,"Role: You are a Personal Support Worker providing client-centered, compassionate care.  Context: You are supporting an elderly client with early-stage dementia who recently started showing increased c",0.07344759314285713,6,4.0,1.03e+20,84.0,0.8333333333333334,12.0,0.23809523809523808,3.0
2025-12-11T03:57:09.366801Z,improve,improved,"Role: you personal support worker  Context: you supporting elderly client early-stage dementia recently started showing increased confusion agitation, especially during evening care routines. family w",0.06511563936734693,6,4.0,1.03e+20,49.0,0.8775510204081632,7.0,0.0,3.0
